company,ticker,candidate_title,landing_page_url,direct_download_url,effective_download_url,final_redirected_url,http_status,content_type,filename,result,reason
Shell plc,SHEL,Shell plc Annual Report and Accounts 2025,https://www.shell.com/investors/results-and-reporting/annual-report.html,https://www.shell.com/investors/results-and-reporting/annual-report/_jcr_content/root/main/section/promo.multi.stream/1779352356739/36306d968747b6079d3f800b2b1552a033856b5d/shell-integrated-annual-and-sustainability-report.pdf,https://www.shell.com/investors/results-and-reporting/annual-report/_jcr_content/root/main/section/promo.multi.stream/1779352356739/36306d968747b6079d3f800b2b1552a033856b5d/shell-integrated-annual-and-sustainability-report.pdf,https://www.shell.com/investors/results-and-reporting/annual-report/_jcr_content/root/main/section/promo.multi.stream/1779352356739/36306d968747b6079d3f800b2b1552a033856b5d/shell-integrated-annual-and-sustainability-report.pdf,,,,manual_collection_required,local file error -- The read operation timed out
Shell plc,SHEL,Shell plc Annual Report and Accounts 2024,https://www.shell.com/investors/results-and-reporting/annual-report-archive.html,https://www.shell.com/investors/results-and-reporting/annual-report/_jcr_content/root/main/section/promo/links/item0.stream/1742873115632/6c20b8111738b9a590ba145f0d1c4fa0e530dae0/shell-annual-report-2024.pdf,https://www.shell.com/investors/results-and-reporting/annual-report/_jcr_content/root/main/section/promo/links/item0.stream/1742873115632/6c20b8111738b9a590ba145f0d1c4fa0e530dae0/shell-annual-report-2024.pdf,https://www.shell.com/investors/results-and-reporting/annual-report/_jcr_content/root/main/section/promo/links/item0.stream/1742873115632/6c20b8111738b9a590ba145f0d1c4fa0e530dae0/shell-annual-report-2024.pdf,,,,manual_collection_required,network error -- [Errno 11001] getaddrinfo failed
Shell plc,SHEL,SparkCognition and Shell Announce a Technology Collaboration Aimed at Accelerating the Pace of Exploration Through the Use of Generative AI,https://www.prnewswire.com/news-releases/sparkcognition-and-shell-announce-a-technology-collaboration-aimed-at-accelerating-the-pace-of-exploration-through-the-use-of-generative-ai-301826717.html,,https://www.prnewswire.com/news-releases/sparkcognition-and-shell-announce-a-technology-collaboration-aimed-at-accelerating-the-pace-of-exploration-through-the-use-of-generative-ai-301826717.html,https://www.prnewswire.com/news-releases/sparkcognition-and-shell-announce-a-technology-collaboration-aimed-at-accelerating-the-pace-of-exploration-through-the-use-of-generative-ai-301826717.html,,,,manual_collection_required,network error -- [Errno 11001] getaddrinfo failed
Shell plc,SHEL,Shell plc Annual Report and Accounts 2025,https://www.shell.com/investors/results-and-reporting/annual-report.html,https://www.shell.com/investors/results-and-reporting/annual-report/_jcr_content/root/main/section/promo.multi.stream/1779352356739/36306d968747b6079d3f800b2b1552a033856b5d/shell-integrated-annual-and-sustainability-report.pdf,https://www.shell.com/investors/results-and-reporting/annual-report/_jcr_content/root/main/section/promo.multi.stream/1779352356739/36306d968747b6079d3f800b2b1552a033856b5d/shell-integrated-annual-and-sustainability-report.pdf,https://www.shell.com/investors/results-and-reporting/annual-report/_jcr_content/root/main/section/promo.multi.stream/1779352356739/36306d968747b6079d3f800b2b1552a033856b5d/shell-integrated-annual-and-sustainability-report.pdf,200,application/pdf,SHEL_company_annual_report_current_fy2025_2026-03-12.pdf,downloaded,"19797470 bytes, content_type=application/pdf"
Shell plc,SHEL,Shell plc Annual Report and Accounts 2024,https://www.shell.com/investors/results-and-reporting/annual-report-archive.html,https://www.shell.com/investors/results-and-reporting/annual-report/_jcr_content/root/main/section/promo/links/item0.stream/1742873115632/6c20b8111738b9a590ba145f0d1c4fa0e530dae0/shell-annual-report-2024.pdf,https://www.shell.com/investors/results-and-reporting/annual-report/_jcr_content/root/main/section/promo/links/item0.stream/1742873115632/6c20b8111738b9a590ba145f0d1c4fa0e530dae0/shell-annual-report-2024.pdf,https://www.shell.com/investors/results-and-reporting/annual-report/_jcr_content/root/main/section/promo/links/item0.stream/1742873115632/6c20b8111738b9a590ba145f0d1c4fa0e530dae0/shell-annual-report-2024.pdf,404,,,failed,HTTP 404 -- Not Found
Shell plc,SHEL,SparkCognition and Shell Announce a Technology Collaboration Aimed at Accelerating the Pace of Exploration Through the Use of Generative AI,https://www.prnewswire.com/news-releases/sparkcognition-and-shell-announce-a-technology-collaboration-aimed-at-accelerating-the-pace-of-exploration-through-the-use-of-generative-ai-301826717.html,,https://www.prnewswire.com/news-releases/sparkcognition-and-shell-announce-a-technology-collaboration-aimed-at-accelerating-the-pace-of-exploration-through-the-use-of-generative-ai-301826717.html,https://www.prnewswire.com/news-releases/sparkcognition-and-shell-announce-a-technology-collaboration-aimed-at-accelerating-the-pace-of-exploration-through-the-use-of-generative-ai-301826717.html,200,text/html; charset=UTF-8,SHEL_partner_partner_case_study_sparkcognition-and-shell-announce-a-technology-collaboration_2023-05-17.html,downloaded,"209886 bytes, content_type=text/html; charset=UTF-8"
Shell plc,SHEL,Shell plc Annual Report and Accounts 2025,https://www.shell.com/investors/results-and-reporting/annual-report.html,https://www.shell.com/investors/results-and-reporting/annual-report/_jcr_content/root/main/section/promo.multi.stream/1779352356739/36306d968747b6079d3f800b2b1552a033856b5d/shell-integrated-annual-and-sustainability-report.pdf,https://www.shell.com/investors/results-and-reporting/annual-report/_jcr_content/root/main/section/promo.multi.stream/1779352356739/36306d968747b6079d3f800b2b1552a033856b5d/shell-integrated-annual-and-sustainability-report.pdf,,,,SHEL_company_annual_report_current_fy2025_2026-03-12.pdf,skipped_existing,file already present: C:\Users\rosie\OneDrive\university\extra stuff\2026 grad jobs prep\ftse_genai_research_pack\sources\shell-plc\SHEL_company_annual_report_current_fy2025_2026-03-12.pdf
Shell plc,SHEL,Shell plc Annual Report and Accounts 2024,https://www.shell.com/investors/results-and-reporting/annual-report-archive.html,https://www.shell.com/investors/results-and-reporting/annual-report-archive/_jcr_content/root/main/section_812377294/tabs/tab_copy/text.multi.stream/1751445525195/e136de58f65e2a30bc91aa5f2d7c6833e4e060b3/shell-annual-report-and-accounts-and-form-20-f-2024.pdf,https://www.shell.com/investors/results-and-reporting/annual-report-archive/_jcr_content/root/main/section_812377294/tabs/tab_copy/text.multi.stream/1751445525195/e136de58f65e2a30bc91aa5f2d7c6833e4e060b3/shell-annual-report-and-accounts-and-form-20-f-2024.pdf,https://www.shell.com/investors/results-and-reporting/annual-report-archive/_jcr_content/root/main/section_812377294/tabs/tab_copy/text.multi.stream/1751445525195/e136de58f65e2a30bc91aa5f2d7c6833e4e060b3/shell-annual-report-and-accounts-and-form-20-f-2024.pdf,200,application/pdf,SHEL_company_annual_report_previous_fy2024.pdf,downloaded,"2952619 bytes, content_type=application/pdf"
Shell plc,SHEL,SparkCognition and Shell Announce a Technology Collaboration Aimed at Accelerating the Pace of Exploration Through the Use of Generative AI,https://www.prnewswire.com/news-releases/sparkcognition-and-shell-announce-a-technology-collaboration-aimed-at-accelerating-the-pace-of-exploration-through-the-use-of-generative-ai-301826717.html,,https://www.prnewswire.com/news-releases/sparkcognition-and-shell-announce-a-technology-collaboration-aimed-at-accelerating-the-pace-of-exploration-through-the-use-of-generative-ai-301826717.html,,,,SHEL_partner_partner_case_study_sparkcognition-and-shell-announce-a-technology-collaboration_2023-05-17.html,skipped_existing,file already present: C:\Users\rosie\OneDrive\university\extra stuff\2026 grad jobs prep\ftse_genai_research_pack\sources\shell-plc\SHEL_partner_partner_case_study_sparkcognition-and-shell-announce-a-technology-collaboration_2023-05-17.html
